critic_rating,is_action,is_exclusive_to_us,is_portable,is_role_playing,is_sequel,is_sports,suitable_for_kids,unit_price,total_earnings
3.5,1,0,1,0,1,0,0,59.99,132717
4.5,0,0,0,0,1,1,0,49.99,83407
3,0,0,0,0,1,1,0,49.99,62423
4.5,1,0,0,0,0,0,1,39.99,69889
4,1,0,1,0,1,0,1,59.99,161382
4,0,0,0,1,1,0,0,39.99,69150
2,1,0,0,0,1,0,0,49.99,62027
4.5,0,0,1,1,1,0,1,59.99,152830
3.5,0,0,1,0,0,1,0,39.99,47930
2.5,1,0,0,0,1,0,0,59.99,87263
4.5,1,0,1,0,1,0,0,59.99,160590
3.5,0,0,0,1,0,0,0,59.99,67150
3.5,0,0,0,1,1,0,0,49.99,79844
4,0,0,0,1,0,0,0,59.99,75544
3.5,0,0,0,1,1,0,0,59.99,96132
4,0,0,0,1,1,0,1,59.99,115771
3.5,1,0,0,0,1,0,0,49.99,93173
3,1,0,0,0,1,0,1,59.99,110544
2.5,1,1,0,0,1,0,0,49.99,125506
5,1,0,0,0,1,0,0,59.99,147129
4,0,0,0,0,1,1,0,59.99,92173
4.5,0,0,0,0,0,1,1,49.99,65986
2.5,0,1,0,1,1,0,1,59.99,140002
4,1,0,0,0,1,0,1,49.99,111517
4.5,1,0,0,0,1,0,1,39.99,98605
4.5,0,0,0,0,1,1,1,59.99,109594
2,0,0,0,1,1,0,1,39.99,48352
3.5,1,0,1,0,1,0,0,49.99,111253
3.5,0,0,0,1,1,0,1,59.99,104209
2,1,0,1,0,0,0,1,49.99,59652
3.5,1,1,0,0,1,0,0,49.99,157180
4.5,0,0,0,0,1,1,1,59.99,109436
4.5,1,0,0,0,0,0,0,49.99,79316
3.5,0,0,0,0,1,1,0,59.99,83621
3,1,0,0,0,1,0,0,59.99,98666
3,0,1,0,1,1,0,0,59.99,144278
4,0,0,0,1,1,0,0,59.99,105318
3.5,1,1,0,0,1,0,0,59.99,187989
3.5,1,0,0,0,1,0,0,59.99,112128
2,0,0,1,1,1,0,0,59.99,79345
4,0,0,0,1,1,0,0,49.99,87762
2,0,0,1,0,0,1,1,39.99,35050
4,0,0,0,0,1,1,1,59.99,100250
5,0,0,0,0,1,1,0,59.99,109119
2,1,1,1,0,1,0,0,59.99,155047
4,1,0,0,0,0,0,1,39.99,64611
4.5,1,1,0,0,1,0,0,39.99,150336
3.5,0,1,1,0,1,1,0,59.99,168351
2.5,1,0,0,0,1,0,1,59.99,96449
4,0,0,0,1,0,0,0,59.99,75385
4,0,0,0,1,1,0,0,59.99,104684
4,0,0,0,1,1,0,0,39.99,69467
4.5,1,1,0,0,1,0,0,59.99,230275
4.5,0,0,0,0,1,1,0,59.99,99933
4.5,1,0,0,0,0,0,0,59.99,96766
4,0,0,1,1,1,0,0,59.99,124481
4,0,0,0,1,0,0,0,59.99,74593
4,1,0,1,0,1,0,0,39.99,98289
4.5,1,0,1,0,1,0,1,39.99,118875
2.5,0,0,1,1,1,0,0,59.99,90431
3,0,0,0,1,1,0,0,39.99,56481
2.5,1,0,0,0,0,0,0,39.99,41384
4.5,0,1,0,0,0,1,0,39.99,80552
2,0,0,0,0,1,1,1,59.99,63507
2.5,1,0,1,0,0,0,0,59.99,74593
3,0,0,1,1,1,0,0,39.99,68939
4.5,1,1,1,0,1,0,0,39.99,181692
3,1,0,0,0,1,0,1,59.99,110228
4,1,0,0,0,1,0,0,59.99,122897
3.5,1,1,1,0,1,0,0,59.99,224415
2.5,0,1,1,1,1,0,0,59.99,151563
2.5,1,1,0,0,0,0,1,59.99,117038
4.5,0,1,1,0,1,1,0,59.99,203351
3,1,0,0,0,0,0,0,49.99,59124
4,1,0,0,0,0,0,0,59.99,88214
4,1,0,0,0,1,0,1,59.99,136201
5,0,1,0,1,1,0,1,39.99,156143
4.5,1,0,1,0,1,0,0,59.99,159165
3,0,0,0,1,0,0,1,59.99,66358
2,1,0,0,0,0,0,1,39.99,38956
3.5,1,0,0,0,0,0,0,59.99,79028
4.5,0,1,0,0,0,1,0,59.99,120839
4,1,0,0,0,1,0,0,39.99,81713
3,0,0,0,1,1,0,0,49.99,71265
4.5,0,0,1,0,0,1,1,39.99,63660
4.5,0,0,0,0,0,1,1,59.99,78078
2,1,0,0,0,1,0,0,59.99,75069
3.5,1,1,0,0,1,0,0,59.99,188622
5,1,0,0,0,1,0,0,59.99,146495
4,0,1,0,0,1,1,0,49.99,129862
4,0,0,0,1,1,0,0,59.99,105793
3,0,1,0,1,1,0,1,59.99,160115
2,0,0,0,1,1,0,0,59.99,65566
3.5,0,0,0,1,1,0,1,49.99,87894
5,0,0,0,1,0,0,0,49.99,73905
3,0,0,1,0,1,1,0,59.99,88530
3.5,0,0,0,1,1,0,0,39.99,63660
4,0,1,1,1,1,0,0,59.99,214912
3.5,0,0,0,1,1,0,1,59.99,103101
4,1,0,0,0,0,0,0,49.99,72189
3.5,1,0,1,0,1,0,0,59.99,134617
3.5,1,0,0,0,1,0,0,59.99,110544
3.5,0,0,1,1,1,0,1,39.99,83403
2,1,0,0,0,1,0,0,39.99,51097
4,0,1,0,1,0,0,1,59.99,140002
4,0,0,0,1,1,0,0,49.99,86442
3.5,0,0,0,0,0,1,1,59.99,65249
4,1,0,0,0,1,0,0,59.99,121947
3.5,0,1,0,0,0,1,1,59.99,110544
3.5,1,0,0,0,1,0,0,49.99,92909
4,1,0,1,0,0,0,0,39.99,70206
4,0,0,0,1,1,0,1,49.99,96076
2,0,0,0,1,0,0,0,39.99,31355
3,1,0,0,0,1,0,0,49.99,83275
3.5,1,0,1,0,1,0,0,59.99,131608
4,1,0,0,0,0,0,0,59.99,87263
2.5,1,0,0,0,1,0,0,49.99,72189
3.5,0,0,0,1,1,0,0,59.99,95024
4,1,0,0,0,1,0,0,39.99,82136
4.5,0,0,0,1,1,0,1,59.99,125590
2.5,0,0,0,0,0,1,0,59.99,46403
2,1,0,0,0,0,0,0,49.99,45002
4.5,0,0,0,1,0,0,0,59.99,81245
4,0,0,1,1,1,0,0,59.99,125115
4,1,0,0,0,1,0,1,39.99,88892
3.5,0,0,0,1,1,0,0,39.99,63344
4.5,1,0,1,0,0,0,0,59.99,114979
4.5,1,0,0,0,1,0,0,49.99,112837
3.5,0,0,0,0,1,1,0,49.99,68890
2,1,0,0,0,1,0,0,59.99,76019
2.5,0,0,1,0,1,1,1,59.99,87105
4.5,1,1,0,0,1,0,0,39.99,152131
4,0,1,0,1,1,0,0,59.99,178645
3.5,1,1,0,0,1,0,0,39.99,125738
3.5,1,1,0,0,0,0,0,39.99,88470
2.5,1,0,0,0,1,0,1,59.99,96766
3,1,1,0,0,1,0,0,59.99,167242
3.5,0,1,0,0,0,1,0,59.99,101042
4,1,1,0,0,1,0,0,39.99,139568
2,0,0,1,1,0,0,0,59.99,54638
3.5,0,0,1,0,1,1,1,59.99,109752
3.5,0,1,1,0,0,1,0,59.99,120205
2,0,0,0,1,1,0,0,59.99,64299
3.5,0,0,0,1,0,0,0,49.99,56352
3.5,0,0,0,1,1,0,0,39.99,63555
4.5,1,0,1,0,1,0,0,59.99,162491
4,0,0,0,0,0,1,0,39.99,43285
3.5,0,1,0,0,1,1,0,49.99,116136
4,0,0,0,1,1,0,0,49.99,87102
4.5,1,0,0,0,1,0,0,39.99,89843
4.5,0,1,1,0,0,1,0,59.99,147287
4,1,0,0,0,1,0,1,59.99,135092
5,1,0,0,0,1,0,0,49.99,121547
3,0,0,0,1,1,0,0,59.99,84729
2,0,0,0,0,0,1,0,59.99,41177
3.5,1,1,1,0,1,0,0,39.99,149597
4.5,0,0,0,0,1,1,0,59.99,99933
2,0,0,1,0,0,1,1,39.99,36211
2.5,0,0,0,0,0,1,1,59.99,50837
4,0,0,0,1,1,0,1,49.99,96736
2.5,0,0,0,1,1,0,0,59.99,74752
4,0,0,0,1,1,0,1,59.99,114662
2.5,0,0,0,0,1,1,0,59.99,66200
4.5,0,0,0,1,1,0,0,59.99,116087
4,0,0,0,1,1,0,1,59.99,116404
3.5,1,0,0,0,1,0,0,39.99,74323
2,0,0,1,1,1,0,0,39.99,52470
4,0,0,0,1,1,0,1,59.99,116087
3,1,0,0,0,1,0,0,39.99,66194
4,1,0,0,0,0,0,0,49.99,72981
4,1,0,1,0,1,0,0,59.99,145862
5,0,1,0,1,0,0,0,59.99,150771
5,1,0,0,0,1,0,0,59.99,146178
2.5,0,0,1,0,1,1,0,59.99,78870
4,0,1,0,0,0,1,0,59.99,110386
5,1,1,0,0,0,0,0,59.99,175636
4,1,0,0,0,1,0,0,49.99,100827
3.5,0,0,1,0,0,1,1,39.99,51519
4.5,0,0,0,1,1,0,0,59.99,116087
5,0,1,0,1,1,0,0,59.99,210320
3.5,1,0,1,0,1,0,0,59.99,133033
5,0,0,1,1,0,0,1,39.99,78546
4.5,0,0,0,0,1,1,1,59.99,111495
4,0,1,0,0,1,1,0,59.99,156314
4,1,1,0,0,0,0,0,39.99,98394
4,0,0,0,1,1,0,1,59.99,114979
4,1,1,1,0,1,0,0,39.99,167545
4,0,0,0,1,0,0,0,59.99,75069
2.5,0,0,0,0,1,1,0,59.99,66675
2,1,1,1,0,1,0,0,59.99,154414
4.5,1,1,0,0,1,0,1,59.99,250388
2,0,0,0,0,1,1,0,59.99,57647
4.5,1,1,0,0,1,0,1,59.99,253239
2.5,1,1,0,0,1,0,0,59.99,149979
2.5,0,0,0,1,1,0,0,59.99,76177
3.5,0,1,1,1,1,0,1,59.99,210953
4.5,1,1,0,0,0,0,0,59.99,163758
5,0,0,0,1,0,0,1,59.99,97716
2,1,0,0,0,0,0,0,59.99,54955
5,0,0,0,0,1,1,0,59.99,110228
2,0,0,0,0,1,1,0,49.99,46850
4,0,0,0,0,1,1,1,59.99,100883
2,0,0,0,1,1,0,0,59.99,64616
4.5,1,0,1,0,1,0,0,59.99,161699
2.5,0,0,0,1,1,0,1,39.99,54687
5,0,1,0,1,1,0,0,59.99,211587
3.5,1,0,0,0,1,0,0,59.99,109277
3.5,1,0,1,0,1,0,0,59.99,134142
4.5,0,0,1,1,1,0,1,39.99,101245
4.5,1,1,0,0,0,0,0,59.99,162966
2,1,1,0,0,1,0,1,59.99,139210
4,0,0,0,0,1,1,1,59.99,101359
2.5,1,0,0,0,1,0,1,49.99,78920
4,0,0,0,1,1,0,0,59.99,106110
5,1,0,0,0,0,0,0,59.99,103259
4,1,1,0,0,1,0,0,59.99,210478
4,1,0,1,0,1,0,0,59.99,147129
4,1,0,0,0,1,0,0,59.99,121947
2,1,0,1,0,0,0,1,49.99,58464
4,0,1,1,0,0,1,0,39.99,89948
3.5,0,0,0,1,1,0,0,59.99,93915
3.5,1,0,1,0,1,0,1,39.99,98394
3.5,1,0,0,0,1,0,0,59.99,110228
4,1,0,1,0,1,0,0,49.99,123791
4,0,0,0,1,1,0,0,59.99,105793
3.5,0,0,0,1,1,0,0,49.99,79580
3.5,1,0,0,0,1,0,1,39.99,80658
4,1,0,1,0,0,0,0,49.99,86442
3.5,1,0,0,0,1,0,0,49.99,91589
4,0,0,0,1,1,0,0,39.99,69784
4.5,0,1,0,1,1,0,1,49.99,177636
4.5,1,0,0,0,1,0,1,59.99,146653
2.5,1,0,0,0,0,0,0,49.99,52261
4,1,0,1,0,1,0,0,59.99,147445
4.5,1,0,0,0,0,0,1,59.99,104684
3,1,0,0,0,1,0,0,59.99,98983
2.5,1,0,0,0,1,0,0,39.99,57326
4,0,1,0,1,1,0,1,49.99,164967
3.5,1,1,0,0,0,0,0,49.99,111253
4.5,1,1,0,0,1,0,0,39.99,150336
4.5,1,1,0,0,1,0,0,49.99,188326
3,0,0,0,1,1,0,1,59.99,93915
4,0,0,0,1,1,0,0,59.99,105318
4,0,0,0,1,1,0,0,59.99,106110
2,1,0,0,0,1,0,0,59.99,76969
3,0,1,1,0,1,1,0,59.99,153780
3.5,1,0,0,0,0,0,0,59.99,79028
4,0,1,0,1,1,0,0,59.99,178962
3.5,0,0,0,1,1,0,0,59.99,95340
2,0,0,0,1,1,0,0,59.99,65091
4,1,0,1,0,1,0,0,59.99,147445
4,0,0,0,0,1,1,1,49.99,84067
4,1,0,0,0,1,0,0,49.99,100827
3.5,0,0,1,1,1,0,0,59.99,112762
4,0,0,1,0,1,1,1,59.99,122264
4,0,0,0,1,0,0,1,59.99,82987
4,1,0,0,0,1,0,0,59.99,123531
4,1,0,0,0,1,0,0,39.99,80658
5,1,1,0,0,0,0,0,39.99,118559
3.5,1,1,0,0,1,0,0,59.99,188622
3.5,1,0,0,0,1,0,0,59.99,109911
3.5,1,0,0,0,0,0,1,49.99,73377
4.5,0,0,0,1,1,0,0,39.99,76646
2,0,1,0,0,1,1,0,59.99,96924
5,0,0,0,0,0,1,0,59.99,77603
4,1,0,0,0,0,0,0,59.99,88214
4,1,0,0,0,0,0,1,59.99,95499
3,0,0,0,1,1,0,0,59.99,83938
4,0,0,1,1,1,0,0,59.99,127332
3.5,1,1,1,0,1,0,0,59.99,228216
2,0,0,1,0,0,1,1,49.99,44343
4,1,0,0,0,1,0,0,39.99,80869
3.5,1,1,1,0,1,0,0,39.99,150864
2,0,0,0,1,0,0,1,49.99,43155
3.5,0,0,1,1,1,0,0,59.99,112445
4.5,0,0,0,1,0,0,0,59.99,81404
4.5,1,1,0,0,1,0,1,59.99,248013
4.5,0,0,0,1,1,0,1,59.99,127332
3.5,0,0,0,0,1,1,0,59.99,84096
3,1,0,0,0,1,0,0,59.99,100250
4,1,0,1,0,1,0,0,59.99,148554
3,1,0,0,0,1,0,0,49.99,82483
3.5,0,0,1,0,1,1,0,59.99,99775
3.5,0,0,1,1,1,0,1,49.99,103335
3.5,1,1,1,0,0,0,0,59.99,159798
5,0,0,0,0,1,1,1,59.99,121314
4.5,1,0,0,0,1,0,0,59.99,134775
3.5,1,0,0,0,1,0,0,59.99,110544
3.5,1,0,1,0,0,0,0,49.99,78128
3.5,1,0,1,0,0,0,0,59.99,93915
4,0,0,0,0,1,1,0,39.99,61549
4.5,0,0,0,1,1,0,1,49.99,104655
5,0,0,0,0,0,1,0,49.99,64535
4,1,1,0,0,1,0,1,59.99,229800
3.5,1,0,1,0,0,0,1,59.99,105476
3.5,0,0,1,1,0,0,0,59.99,80612
4,1,1,0,0,0,0,1,59.99,164866
4,0,0,0,1,1,0,0,59.99,104684
3.5,0,0,0,1,1,0,0,59.99,94232
3.5,1,1,0,0,1,0,0,59.99,185930
2.5,1,1,1,0,1,0,0,59.99,180070
3.5,1,0,0,0,1,0,1,59.99,123373
2.5,0,1,0,1,1,0,1,49.99,118248
5,0,1,0,1,1,0,1,59.99,233759
4,0,0,0,0,1,1,0,59.99,90906
3.5,0,0,0,0,1,1,0,49.99,69814
4,0,1,0,1,1,0,0,49.99,149922
3.5,0,0,0,1,1,0,0,59.99,95499
3.5,1,1,1,0,1,0,0,49.99,188062
4.5,1,1,0,0,0,0,1,59.99,178011
4,1,0,1,0,1,0,0,59.99,145228
5,1,0,0,0,0,0,1,49.99,94889
4.5,1,0,0,0,1,0,0,39.99,88787
3,0,0,0,1,1,0,1,59.99,92331
2,0,0,0,1,1,0,0,49.99,54901
5,0,0,0,0,0,1,0,59.99,77444
3,0,0,0,0,0,1,0,49.99,44343
5,0,0,0,0,1,1,0,39.99,73056
3.5,1,1,0,0,0,0,1,59.99,146495
4,0,1,1,1,1,0,0,39.99,143263
4.5,1,1,1,0,1,0,1,59.99,301860
3.5,0,0,0,1,0,0,0,39.99,44657
3.5,1,0,0,0,1,0,0,59.99,111811
2,1,0,1,0,1,0,1,59.99,99141
3.5,0,0,1,1,1,0,0,59.99,114028
3.5,1,1,0,0,1,0,0,59.99,189098
4,1,0,0,0,1,0,0,39.99,81080
2.5,0,0,0,1,1,0,0,49.99,62951
5,1,1,0,0,0,0,1,39.99,129010
4.5,1,0,0,0,1,0,0,59.99,132558
4,0,0,0,0,0,1,0,59.99,64774
5,0,0,0,1,0,0,0,59.99,89481
5,0,0,0,1,0,0,0,59.99,88847
3,0,0,0,1,1,0,0,59.99,85521
4,1,1,1,0,1,0,1,59.99,277787
3.5,0,0,1,1,1,0,0,59.99,115295
4.5,0,1,1,0,1,1,0,59.99,207152
4,0,1,0,1,0,0,0,59.99,128124
3.5,0,1,1,0,1,1,1,49.99,157312
4.5,0,0,0,1,0,0,1,59.99,89956
3.5,0,0,0,0,0,1,1,59.99,64774
4.5,0,1,0,1,1,0,0,39.99,131544
4,0,0,0,0,1,1,0,39.99,61127
2.5,1,0,1,0,1,0,1,39.99,77385
3,0,1,1,1,1,0,0,59.99,175794
4,1,0,1,0,1,0,0,59.99,148237
5,0,0,1,1,1,0,0,49.99,124451
2,1,0,0,0,1,0,1,59.99,84254
4.5,0,0,1,1,1,0,0,59.99,136359
3.5,0,1,1,0,1,1,0,59.99,171676
3,1,1,0,0,0,0,0,59.99,120522
3.5,0,0,0,1,1,0,0,49.99,79448
3.5,0,0,1,1,1,0,0,49.99,95284
4.5,1,1,0,0,1,0,1,49.99,207198
3.5,0,0,0,1,1,0,0,59.99,95816
2.5,0,1,0,0,1,1,0,49.99,93437
4,0,0,1,1,1,0,0,49.99,103995
3,1,0,0,0,1,0,0,59.99,99933
2,1,0,0,0,1,0,0,39.99,50041
3.5,1,0,0,0,1,0,1,59.99,121630
4,1,0,0,0,1,0,0,39.99,82347
4.5,0,0,0,0,0,1,1,59.99,79661
4,1,0,0,0,1,0,1,59.99,135884
3.5,0,0,1,1,1,0,0,39.99,76012
3.5,0,0,1,0,1,1,0,49.99,81955
3.5,1,0,0,0,1,0,0,59.99,112128
3,0,1,0,1,0,0,1,59.99,114028
5,1,0,0,0,1,0,0,59.99,145862
5,1,0,0,0,1,0,1,59.99,159323
3,1,1,0,0,0,0,1,39.99,89526
3.5,1,0,0,0,1,0,0,59.99,110228
4,1,1,0,0,1,0,0,59.99,206202
2,0,1,1,1,1,0,1,49.99,120359
3,0,0,0,0,0,1,0,39.99,35895
4,1,0,1,0,0,0,0,49.99,86838
4.5,0,1,0,0,1,1,1,59.99,189889
2.5,0,0,0,1,1,0,0,59.99,74752
3.5,1,0,0,0,1,0,0,59.99,110861
2,0,0,1,0,1,1,0,59.99,67783
4.5,0,1,1,1,1,0,0,59.99,236768
3,1,0,1,0,1,0,0,59.99,120680
4,1,1,0,0,1,0,0,49.99,174996
3,0,0,0,1,1,0,0,49.99,69946
3.5,1,0,1,0,0,0,1,39.99,68939
3.5,0,0,0,0,1,1,0,49.99,68890
4,0,0,0,0,1,1,0,59.99,91223
3.5,1,1,0,0,1,0,0,59.99,187039
2.5,1,0,1,0,1,0,0,59.99,104843
4,1,0,0,0,0,0,0,59.99,87738
4.5,1,0,0,0,1,0,0,59.99,135092
3.5,0,0,0,1,1,0,0,59.99,96132
4.5,0,1,0,0,0,1,0,39.99,81080
4,0,0,0,1,1,0,0,59.99,104526
5,0,1,0,1,1,0,0,59.99,211112
4.5,1,0,1,0,1,0,0,39.99,107051
4,0,0,0,0,1,1,0,39.99,60915
3.5,0,1,0,1,1,0,0,39.99,108001
2.5,0,0,0,0,0,1,0,39.99,31672
2,0,1,1,1,1,0,0,49.99,111253
2.5,1,0,0,0,1,0,0,49.99,74037
2.5,0,0,1,0,0,1,1,59.99,62082
2,1,1,0,0,1,0,0,59.99,129232
3.5,0,0,0,0,1,1,0,49.99,68890
3.5,1,1,0,0,1,0,0,59.99,185930
3.5,0,0,0,0,0,1,0,49.99,49754
4.5,0,1,0,1,1,0,1,59.99,212695
3,0,0,0,1,0,0,0,59.99,60815
2,0,0,1,1,1,0,0,59.99,76494
4,0,0,0,0,0,1,0,39.99,43707
3.5,1,0,0,0,1,0,0,49.99,93173
2,1,0,1,0,0,0,1,49.99,59256
4.5,1,0,1,0,1,0,1,39.99,118348
5,1,1,0,0,0,0,1,39.99,130172
3.5,0,0,1,0,1,1,0,39.99,66722
4.5,0,1,0,1,1,0,1,39.99,144107
4,1,0,0,0,0,0,0,49.99,73509
4.5,0,0,0,1,0,0,0,59.99,81245
2.5,0,0,0,0,1,1,0,59.99,66358
4,1,0,0,0,1,0,1,59.99,135884
4,1,1,0,0,1,0,0,59.99,205727
3.5,1,1,0,0,1,0,0,59.99,190206
3.5,1,0,0,0,1,0,0,39.99,73901
4,0,0,0,1,1,0,0,59.99,105318
3.5,1,0,0,0,1,0,0,59.99,110544
5,0,1,1,0,1,1,0,59.99,224573
4.5,1,0,0,0,1,0,0,59.99,135092
2,0,0,0,1,0,0,0,59.99,46086
3.5,1,1,0,0,1,0,0,59.99,187989
2,1,0,0,0,1,0,1,39.99,55954
4.5,0,0,0,1,1,0,0,49.99,94889
3.5,0,0,0,0,1,1,0,39.99,54687
4,0,0,1,1,1,0,0,59.99,125748
5,1,0,0,0,0,0,1,59.99,114979
2.5,1,1,1,0,1,0,0,49.99,148470
4.5,1,0,0,0,1,0,1,59.99,146653
4,0,0,0,0,1,1,0,59.99,90748
4.5,1,0,0,0,1,0,0,59.99,132558
4,1,0,0,0,1,0,0,49.99,102411
3.5,1,1,0,0,1,0,0,59.99,188622
4,0,0,1,0,0,1,0,59.99,78711
2,1,1,0,0,1,0,0,49.99,107294
3.5,1,0,1,0,1,0,0,59.99,131608
2,1,1,0,0,1,0,0,59.99,130816
3,0,0,0,1,1,0,0,59.99,83779
3.5,0,0,1,1,1,0,1,59.99,124481
3.5,0,1,1,1,1,0,1,59.99,210320
4.5,0,0,0,0,0,1,0,39.99,48035
2.5,1,1,1,0,1,0,0,59.99,176903
2,1,0,0,0,1,0,0,39.99,51519
4.5,1,0,0,0,1,0,0,59.99,132875
2,1,0,0,0,0,0,0,49.99,44343
3.5,0,0,0,1,1,0,0,39.99,63344
4.5,1,0,1,0,1,0,0,59.99,159482
3.5,1,1,0,0,1,0,0,59.99,189573
4,1,0,0,0,1,0,0,59.99,122581
3,0,0,0,1,1,0,0,59.99,85521
2.5,0,1,0,1,1,0,1,59.99,138418
5,0,0,1,1,0,0,1,49.99,98584
5,1,1,1,0,1,0,0,59.99,294416
2,1,0,0,0,1,0,0,59.99,76336
2,0,0,0,1,1,0,0,59.99,66200
3.5,0,0,0,0,0,1,0,49.99,49226
3.5,0,0,0,1,1,0,0,39.99,62816
4,0,0,0,0,0,1,0,59.99,65725
5,1,1,0,0,1,0,0,39.99,166700
2,0,0,0,0,1,1,0,59.99,56064
3.5,1,0,0,0,0,0,1,39.99,57537
4,0,0,0,1,1,0,0,59.99,105001
3,1,0,0,0,1,0,0,49.99,83803
4.5,0,0,0,0,1,1,1,59.99,110861
5,1,0,0,0,1,0,1,39.99,107790
3,0,0,1,0,1,1,0,49.99,73509
4,0,1,0,1,1,0,0,59.99,178170
3.5,0,0,0,0,1,1,0,39.99,55426
2.5,0,0,0,1,1,0,0,49.99,61499
2.5,1,0,0,0,0,0,0,49.99,52525
3.5,1,0,0,0,1,0,0,59.99,111178
3.5,1,0,1,0,0,0,0,59.99,94232
4,0,0,0,1,1,0,1,39.99,76857
4.5,0,0,0,1,0,0,0,59.99,82671
4.5,1,0,0,0,1,0,0,59.99,135092
5,1,0,0,0,0,0,1,39.99,76540
3,1,0,0,0,1,0,1,59.99,107535
3.5,0,0,0,1,1,0,0,59.99,95499
3.5,0,0,0,1,0,0,1,59.99,74277
3.5,0,0,1,1,1,0,0,59.99,113712
3.5,0,0,1,0,1,1,1,59.99,110069
4.5,1,0,0,0,1,0,0,59.99,133192
3.5,0,0,0,0,1,1,0,39.99,55531
3,0,0,0,1,0,0,0,59.99,60023
4.5,1,0,1,0,0,0,0,39.99,76118
2.5,1,1,0,0,1,0,1,59.99,163916
3,0,1,1,1,0,0,0,39.99,81608
4,0,0,0,1,1,0,1,59.99,116087
4,1,0,1,0,1,0,0,39.99,98500
3.5,0,0,0,0,1,1,0,59.99,83146
5,0,0,1,0,0,1,0,39.99,62182
3.5,0,1,0,1,1,0,0,59.99,161699
4,0,0,0,1,1,0,0,59.99,105001
3.5,0,1,0,1,1,0,0,59.99,159798
4,0,0,1,0,0,1,0,59.99,78394
3.5,0,0,0,1,0,0,0,49.99,57144
4.5,0,0,0,1,1,0,0,59.99,113870
4,1,1,1,0,1,0,1,59.99,272244
3.5,0,0,0,1,0,0,0,49.99,56352
2.5,1,0,0,0,1,0,0,39.99,58804
2.5,1,0,1,0,1,0,0,59.99,105476
3.5,1,1,0,0,1,0,0,39.99,123943
4,0,0,0,1,1,0,0,59.99,104684
2.5,1,0,1,0,1,0,0,59.99,103734
3.5,0,1,0,0,1,1,0,59.99,141744
4.5,1,0,0,0,1,0,0,49.99,111253
4,1,0,0,0,1,0,1,59.99,135409
4.5,1,1,0,0,0,0,0,59.99,163758
4.5,0,0,0,1,1,0,0,59.99,114979
4,1,1,0,0,1,0,0,59.99,207786
5,0,0,0,1,1,0,0,59.99,124640
4,0,0,0,1,1,0,0,49.99,86442
3.5,0,0,1,1,1,0,0,59.99,114345
4.5,0,0,1,0,1,1,0,49.99,101487
4,0,1,1,0,1,1,1,59.99,203668
4,1,0,0,0,1,0,1,59.99,134775
5,0,0,1,1,1,0,1,49.99,136064
2.5,0,0,1,1,1,0,0,59.99,91381
3,1,0,0,0,1,0,1,59.99,107852
5,0,0,0,1,1,0,1,39.99,92271
3.5,1,0,0,0,1,0,0,59.99,111178
4.5,1,0,0,0,0,0,0,59.99,95657
4,1,1,0,0,0,0,1,59.99,164075
4.5,1,0,0,0,0,0,1,59.99,104684
4,1,0,0,0,0,0,0,59.99,87738
5,1,1,0,0,1,0,0,39.99,163533
3.5,0,0,0,1,1,0,0,59.99,95816
3.5,1,0,0,0,1,0,0,49.99,91853
4.5,1,0,0,0,1,0,1,49.99,124187
3.5,0,0,0,1,0,0,1,59.99,73802
3.5,0,1,0,1,1,0,0,39.99,107473
2.5,0,0,0,1,0,0,0,39.99,35156
5,1,1,1,0,0,0,1,49.99,195584
2,0,1,0,0,1,1,0,59.99,95340
4,1,0,0,0,1,0,0,49.99,101619
3,1,0,0,0,1,0,0,49.99,82747
3.5,0,1,0,1,1,0,1,39.99,118136
4.5,1,0,0,0,1,0,0,59.99,133825
4.5,0,1,0,1,1,0,0,59.99,196383
4,1,1,0,0,0,0,0,59.99,148396
4,0,1,1,1,1,0,1,59.99,236293
4.5,0,0,0,1,0,0,0,59.99,82671
5,0,1,0,1,1,0,0,39.99,140412
3.5,1,0,0,0,1,0,0,39.99,73268
3.5,1,0,1,0,0,0,1,59.99,105476
2.5,1,0,0,0,0,0,1,59.99,68892
3.5,1,0,0,0,0,0,0,39.99,52047
3,1,0,1,0,1,0,1,59.99,128916
4,0,0,0,0,0,1,0,59.99,65091
3,1,0,1,0,0,0,1,59.99,94707
2,0,1,1,1,1,0,0,59.99,134459
4,0,0,0,1,1,0,1,59.99,115771
5,1,1,0,0,1,0,0,39.99,164905
3.5,1,0,0,0,1,0,0,39.99,72845
5,1,0,0,0,1,0,0,59.99,144278
4,0,0,0,1,1,0,1,59.99,115454
4.5,1,1,0,0,0,0,0,59.99,161065
4.5,1,0,0,0,0,0,0,59.99,94865
4,0,1,0,0,1,1,0,59.99,157423
4.5,0,1,0,1,1,0,0,59.99,196383
2,1,0,0,0,0,0,0,59.99,54955
2,0,1,1,0,1,1,0,59.99,116246
2,1,1,0,0,1,0,0,49.99,105974
4,0,0,0,1,0,0,0,59.99,74752
3.5,0,0,0,1,1,0,0,59.99,94232
4,0,0,0,1,1,0,0,39.99,70312
3,0,1,0,0,0,1,0,59.99,89322
4.5,1,0,0,0,1,0,0,59.99,133825
4.5,1,0,0,0,1,0,1,59.99,147604
4,1,0,0,0,1,0,0,59.99,122897
4,1,1,0,0,0,0,0,59.99,149504
4.5,0,0,0,1,1,0,0,49.99,94757
4,0,0,0,1,1,0,0,59.99,103893
3,0,0,1,1,0,0,0,59.99,72218
4.5,0,0,0,0,1,1,1,59.99,111653
5,0,1,1,1,1,0,0,59.99,255614
4,1,0,0,0,1,0,0,49.99,102411
2,1,0,0,0,1,0,0,39.99,50464
4,0,0,1,0,1,1,0,59.99,109752
3.5,1,0,0,0,1,0,0,59.99,109911
3,1,0,0,0,0,0,0,59.99,70951
3,0,0,0,1,1,0,0,59.99,83938
3.5,0,0,0,1,1,0,0,59.99,94707
3,1,0,0,0,1,0,0,59.99,100567
3.5,0,0,0,1,1,0,0,39.99,63872
3.5,0,0,0,1,1,0,0,59.99,93757
3.5,1,0,0,0,1,0,0,59.99,110544
4,0,0,0,0,1,1,0,39.99,60810
4,1,1,0,0,1,0,1,59.99,226949
2,1,0,0,0,1,0,0,39.99,49830
3.5,1,0,0,0,1,0,0,59.99,111495
5,0,0,1,0,1,1,1,49.99,119304
4.5,0,1,0,1,1,0,0,49.99,162195
3,0,1,0,1,0,0,0,39.99,68833
4,0,0,0,1,1,0,0,59.99,105793
2,1,0,1,0,1,0,1,59.99,98191
4,0,0,1,1,1,0,0,39.99,83191
2.5,0,1,0,1,1,0,1,59.99,139052
3,0,0,0,0,1,1,0,59.99,73326
4,0,1,0,1,1,0,1,59.99,197967
4.5,0,0,0,1,1,0,1,39.99,83931
4,1,0,0,0,1,0,0,39.99,82136
4.5,0,0,0,1,0,0,1,39.99,60599
3.5,1,0,1,0,1,0,1,49.99,121019
3.5,1,0,0,0,1,0,1,39.99,80658
4,0,0,0,0,1,1,0,59.99,91223
2.5,0,0,0,1,1,0,0,39.99,50780
4.5,0,0,0,1,0,0,1,39.99,60176
4,0,0,0,0,1,1,0,59.99,92806
3.5,0,0,0,1,0,0,1,39.99,49091
3.5,0,0,1,1,1,0,0,59.99,114979
2.5,0,0,1,1,1,0,0,59.99,89481
4,0,0,0,1,0,0,1,49.99,69286
4.5,0,1,0,0,1,1,1,39.99,124048
3.5,1,0,0,0,0,0,0,49.99,66778
3,0,1,0,1,1,0,0,39.99,97338
4,1,0,1,0,1,0,1,39.99,108107
3.5,0,0,0,0,1,1,0,59.99,83146
4.5,0,1,0,1,1,0,1,59.99,215546
3.5,0,1,0,1,1,0,0,59.99,161224
3.5,0,0,0,0,1,1,0,39.99,54792
4,1,0,0,0,0,0,0,59.99,86471
3.5,0,0,1,1,1,0,1,59.99,125907
4.5,0,0,1,1,1,0,1,59.99,152830
4,0,0,1,0,1,1,1,59.99,121630
5,1,1,0,0,1,0,0,59.99,248963
4.5,1,0,1,0,0,0,0,59.99,113712
4,1,0,0,0,1,0,0,59.99,121630
4,1,1,1,0,1,0,1,59.99,275728
4.5,1,0,0,0,1,0,1,49.99,123791
3,0,0,0,1,1,0,0,59.99,85046
4,0,0,0,0,1,1,0,59.99,91223
3.5,1,0,0,0,1,0,0,59.99,111178
3.5,1,0,0,0,1,0,1,59.99,120205
5,0,1,0,0,1,1,0,59.99,184030
3.5,1,0,0,0,1,0,0,59.99,111178
2.5,1,0,0,0,1,0,0,39.99,58593
3.5,1,1,0,0,1,0,0,39.99,125315
3.5,1,1,0,0,0,0,1,59.99,146970
4,1,1,0,0,1,0,0,59.99,210003
4.5,0,1,0,0,1,1,1,59.99,186405
4.5,1,0,1,0,1,0,0,59.99,160274
4.5,1,0,1,0,1,0,1,59.99,177061
4.5,1,0,0,0,0,0,0,39.99,64294
4,0,0,0,1,1,0,0,39.99,69467
3.5,0,0,1,1,1,0,1,49.99,104259
4.5,0,0,1,1,1,0,0,59.99,138893
3.5,1,1,1,0,1,0,0,59.99,224415
4,1,1,1,0,1,0,0,59.99,251972
3.5,1,0,0,0,1,0,1,59.99,122739
4.5,1,1,1,0,1,0,1,39.99,200800
4,1,0,0,0,1,0,0,59.99,121947
3.5,1,0,1,0,0,0,1,59.99,103101
4,1,0,1,0,0,0,0,39.99,70312
3.5,0,0,1,1,1,0,0,59.99,112762
2.5,0,0,1,0,1,1,0,59.99,78236
4,1,1,0,0,1,0,0,59.99,209369
3.5,0,0,0,1,1,0,0,59.99,96132
4,1,0,1,0,1,0,0,39.99,98816
3.5,0,0,1,1,1,0,0,59.99,113078
3,1,0,0,0,1,0,1,59.99,109911
3,1,0,0,0,1,0,0,59.99,97716
4,0,0,0,1,1,0,0,39.99,69995
4,1,1,1,0,1,0,0,59.99,251972
4,0,0,0,1,0,0,0,59.99,75702
3.5,0,0,0,1,1,0,0,59.99,93757
3.5,1,0,0,0,1,0,1,39.99,81819
3.5,0,0,0,0,1,1,0,59.99,82671
3.5,1,0,0,0,1,0,1,39.99,81819
3.5,1,0,0,0,1,0,0,49.99,92117
2.5,0,1,1,1,0,0,0,39.99,72740
2.5,1,0,0,0,1,0,0,59.99,87263
4,1,0,0,0,1,0,1,49.99,113497
5,0,0,0,0,1,1,0,59.99,109752
3.5,1,0,0,0,1,0,0,59.99,111178
3.5,0,1,0,0,1,1,0,59.99,139843
2.5,0,0,0,0,1,1,0,49.99,54769
3,1,0,1,0,1,0,0,59.99,119096
4,0,0,1,1,1,0,0,39.99,84036
3.5,0,0,0,0,1,1,0,49.99,70077
4,1,0,0,0,1,0,1,59.99,133033
4.5,1,0,0,0,1,0,0,59.99,134775
4.5,1,0,1,0,1,0,0,59.99,160274
4,0,0,0,1,1,0,1,59.99,115771
5,0,1,0,0,1,1,0,49.99,154013
5,1,1,0,0,1,0,0,49.99,207066
2,0,0,0,0,1,1,0,49.99,48302
4.5,0,0,1,1,1,0,0,49.99,114949
4,0,1,0,1,1,0,1,59.99,197016
3.5,0,1,0,0,0,1,1,59.99,111970
4.5,1,0,0,0,1,0,1,49.99,124187
4.5,0,1,0,0,0,1,0,39.99,80552
4,1,1,1,0,0,0,0,39.99,119931
4,0,0,0,0,1,1,0,39.99,61443
3.5,1,0,0,0,0,0,1,59.99,86313
4,1,0,0,0,1,0,0,59.99,121947
4.5,1,0,1,0,1,0,0,39.99,107051
4.5,1,1,0,0,0,0,0,59.99,164075
3.5,0,0,0,1,0,0,0,59.99,66992
3.5,1,0,0,0,0,0,0,59.99,78711
2,0,0,1,1,1,0,1,59.99,86947
2,0,1,0,0,1,1,0,59.99,94865
3.5,0,1,0,1,1,0,0,59.99,163441
3.5,0,0,0,1,1,0,1,59.99,104843
5,1,0,0,0,1,0,0,59.99,144595
2.5,1,1,1,0,1,0,0,49.99,146358
2.5,0,0,0,1,1,0,0,49.99,61895
2,0,1,1,1,1,0,1,59.99,144436
2.5,1,0,0,0,1,0,0,59.99,86947
4,0,0,0,0,1,1,0,49.99,77204
3,1,1,0,0,1,0,0,59.99,167242
4.5,1,0,0,0,1,0,1,59.99,147604
5,0,0,1,0,1,1,1,59.99,144595
2.5,1,1,0,0,1,0,0,59.99,148396
4.5,1,0,0,0,0,0,0,59.99,95657
2.5,1,0,0,0,0,0,0,59.99,63191
4,1,1,0,0,1,0,1,59.99,227424
5,1,1,0,0,1,0,0,49.99,204427
3,0,0,0,0,1,1,0,49.99,62819
3.5,0,0,0,1,1,0,0,59.99,96132
2.5,0,0,0,1,1,0,0,59.99,74752
3,0,1,0,1,0,0,1,59.99,113237
4,1,1,0,0,0,0,1,39.99,110218
2.5,0,1,0,1,1,0,0,39.99,84564
4,0,1,0,1,0,0,0,49.99,107030
2,0,0,0,0,1,1,1,59.99,62399
3,1,0,0,0,1,0,0,39.99,67039
4,0,0,0,1,0,0,0,59.99,75544
2,0,0,0,0,1,1,0,59.99,56697
3.5,1,0,1,0,0,0,0,59.99,95816
5,1,1,0,0,1,0,0,59.99,250071
3.5,1,0,0,0,1,0,0,59.99,112128
4.5,1,0,0,0,0,0,1,59.99,106110
4.5,1,0,0,0,1,0,1,49.99,122735
3.5,1,0,0,0,1,0,0,59.99,111811
3.5,0,1,1,1,1,0,0,39.99,128905
5,0,0,0,1,1,0,0,59.99,124640
5,0,0,0,1,0,0,1,59.99,98666
3.5,0,0,0,1,1,0,0,39.99,63027
5,0,0,1,1,1,0,1,59.99,165975
3,1,0,1,0,1,0,0,59.99,117196
3.5,1,1,0,0,1,0,0,49.99,156652
4,1,0,0,0,0,0,0,49.99,73113
2.5,1,0,0,0,1,0,1,59.99,95024
4,1,1,1,0,1,0,0,59.99,249438
4,0,0,0,1,1,0,0,49.99,86442
2.5,0,1,0,0,1,1,0,59.99,109752
3.5,0,0,0,1,1,0,0,59.99,96132
3.5,0,0,1,1,1,0,0,59.99,114028
4.5,1,0,0,0,1,0,0,59.99,134459
2.5,0,0,0,0,0,1,1,49.99,42231
4.5,1,0,0,0,0,0,0,59.99,96291
4.5,1,0,1,0,0,0,0,59.99,114504
4,0,0,1,0,1,1,0,39.99,73373
3,1,0,1,0,1,0,0,59.99,118780
4,0,0,0,1,1,0,0,59.99,104526
5,1,0,0,0,0,0,0,39.99,68939
5,1,1,0,0,0,0,1,49.99,161931
3.5,1,0,0,0,0,0,1,39.99,58593
5,1,0,0,0,0,0,0,59.99,104209
5,0,0,0,1,1,0,0,59.99,125431
5,0,1,1,1,0,0,1,39.99,134711
4,1,1,1,0,0,0,0,59.99,177695
4.5,1,0,1,0,1,0,0,59.99,160590
3.5,0,0,0,1,0,0,0,59.99,66992
3.5,1,0,0,0,0,0,0,59.99,79820
4.5,0,1,0,1,1,0,0,49.99,163383
4.5,1,0,0,0,1,0,1,49.99,122999
4,0,0,0,1,1,0,1,59.99,116087
4,1,0,0,0,0,0,0,59.99,87263
3,0,0,0,0,1,1,0,59.99,74435
3.5,0,1,1,1,1,0,0,59.99,195116
3,1,0,0,0,1,0,0,49.99,81691
4,0,0,0,1,1,0,0,59.99,104209
3.5,0,1,0,1,0,0,1,49.99,104919
3.5,0,0,0,1,1,0,0,59.99,95340
2,0,1,0,1,1,0,0,39.99,73268
3,0,0,0,1,0,0,0,59.99,60498
2.5,0,1,0,1,1,0,0,59.99,126382
5,0,0,1,1,0,0,0,59.99,107060
5,0,0,1,0,1,1,0,49.99,109538
4,0,0,0,1,1,0,0,59.99,104526
4,1,0,0,0,1,0,0,49.99,101091
4.5,0,0,0,1,1,0,0,59.99,114504
4,1,0,0,0,1,0,0,59.99,120997
4.5,1,1,0,0,1,0,0,49.99,188854
3,1,0,0,0,0,0,0,59.99,71268
3.5,1,1,0,0,1,0,0,39.99,127110
2,1,0,0,0,1,0,1,59.99,83938
2.5,0,0,0,1,1,0,0,59.99,76177
4,1,0,1,0,1,0,0,59.99,147762
4,1,1,0,0,1,0,0,39.99,137879
3.5,1,0,0,0,0,0,1,59.99,86630
2,0,1,1,1,1,0,0,59.99,134459
4,1,0,0,0,1,0,0,59.99,120997
3.5,1,0,0,0,0,0,0,59.99,80137
4.5,0,0,1,1,1,0,0,59.99,137943
2,0,0,0,1,1,0,1,59.99,70476
4.5,1,0,0,0,1,0,0,59.99,133192
3,0,0,1,1,0,0,0,59.99,73326
5,1,0,0,0,0,0,1,59.99,115295
4,0,0,1,0,0,1,0,59.99,79503
2,0,0,0,0,0,1,0,59.99,41177
3.5,1,0,0,0,0,0,1,59.99,86630
2,1,1,0,0,0,0,0,59.99,92331
3.5,0,0,0,1,1,0,1,59.99,104526
3,0,0,0,1,1,0,0,59.99,86155
2,1,1,0,0,0,0,0,39.99,60493
4.5,0,0,0,1,0,0,0,59.99,81879
3.5,1,0,0,0,1,0,0,59.99,110544
4.5,0,1,0,1,1,0,0,49.99,162591
4,0,0,1,1,1,0,0,59.99,126065
3.5,0,1,0,1,0,0,0,39.99,76329
3.5,1,0,0,0,1,0,1,39.99,81080
4,0,0,0,0,1,1,0,59.99,92331
5,1,0,1,0,1,0,1,39.99,128588
4,1,0,0,0,1,0,0,59.99,120997
4.5,1,0,1,0,1,0,0,59.99,159165
3.5,1,0,0,0,1,0,0,59.99,112128
2,1,0,0,0,1,0,1,59.99,83938
3.5,0,1,0,1,1,0,0,59.99,159798
4.5,1,0,0,0,1,0,0,49.99,111517
5,0,0,0,1,1,0,1,59.99,136042
2.5,1,0,1,0,1,0,0,59.99,106585
3.5,1,1,0,0,1,0,0,59.99,185930
5,1,0,0,0,1,0,0,59.99,145228
4,0,0,1,1,0,0,0,59.99,89322
5,0,1,0,1,1,0,0,59.99,210636
3.5,1,0,0,0,0,0,0,59.99,80137
2.5,1,1,1,0,1,0,1,49.99,162723
2,0,0,0,1,1,0,0,59.99,65566
4,1,0,0,0,0,0,0,59.99,86788
4,0,0,0,1,1,0,0,59.99,105318
4,1,0,0,0,1,0,0,59.99,121314
4,0,1,1,0,1,1,0,59.99,185138
4.5,0,0,0,1,0,0,1,59.99,90906
2.5,1,0,1,0,1,0,1,59.99,116087
4,0,1,0,0,1,1,0,49.99,131577
4.5,0,1,1,1,1,0,0,59.99,236293
2.5,0,1,0,1,1,0,1,59.99,140002
2,1,1,0,0,1,0,1,49.99,116532
4.5,1,0,0,0,0,0,0,59.99,96766
4.5,1,0,0,0,1,0,1,59.99,146653
3,0,0,0,0,1,1,1,59.99,82195
4,1,1,0,0,1,0,0,39.99,137140
4,0,0,0,1,1,0,0,39.99,69784
4,0,1,0,0,1,1,0,39.99,104412
4,0,0,0,1,0,0,0,39.99,50253
4.5,1,0,0,0,1,0,1,59.99,147920
4.5,0,0,0,1,1,0,0,59.99,114979
4.5,0,0,1,1,1,0,0,59.99,136993
4.5,0,0,0,0,0,1,0,59.99,72059
3.5,1,0,0,0,1,0,0,49.99,92909
4,0,0,1,1,1,0,0,49.99,104523
3.5,1,0,0,0,1,0,0,59.99,109594
2.5,0,0,0,0,1,1,1,49.99,60179
3,1,1,0,0,0,0,0,59.99,120522
4,1,0,0,0,1,0,0,39.99,82347
3.5,1,0,0,0,1,0,0,39.99,74323
4.5,1,0,0,0,1,0,0,59.99,133508
3,0,1,1,1,1,0,0,59.99,174210
2,0,1,1,1,0,0,0,49.99,78128
3.5,1,0,0,0,0,0,0,49.99,66778
3.5,1,0,1,0,0,0,0,59.99,95816
3.5,0,0,0,1,0,0,0,39.99,45502
3,0,1,1,0,0,1,0,59.99,108169
4,1,0,0,0,1,0,0,49.99,102939
4,0,0,0,1,1,0,1,39.99,76646
3.5,0,0,0,1,1,0,0,49.99,79448
2.5,0,1,1,1,1,0,1,39.99,111591
4.5,0,0,0,1,1,0,0,59.99,116087
4,0,0,0,0,1,1,1,49.99,85122
2.5,0,0,0,1,0,0,0,59.99,53688
4,1,0,0,0,1,0,0,59.99,122264
5,1,0,1,0,1,0,0,39.99,115919
4.5,1,1,1,0,1,0,0,59.99,271293
3.5,0,1,0,1,0,0,0,59.99,116087
3.5,0,0,1,1,1,0,1,59.99,126540
4,1,0,0,0,0,0,0,49.99,73245
5,1,1,0,0,0,0,0,39.99,117820
2,0,1,0,1,1,0,1,59.99,123373
2,1,1,0,0,1,0,1,59.99,143328
2,1,0,1,0,0,0,0,59.99,64299
2.5,0,0,1,1,1,0,0,59.99,89797
4,0,0,0,0,0,1,0,59.99,65883
2,1,0,0,0,0,0,0,49.99,45266
4.5,0,0,0,0,1,1,0,49.99,82879
2,1,0,0,0,1,0,1,49.99,69418
5,0,0,1,1,1,0,0,39.99,99767
3.5,1,1,1,0,1,0,1,59.99,248963
5,0,1,0,1,1,0,1,49.99,195188
4.5,1,0,0,0,1,0,0,59.99,133508
4.5,0,1,0,0,1,1,0,59.99,170251
2,0,0,0,1,1,0,1,39.99,47930
3,1,0,0,0,1,0,1,59.99,107852
4,0,1,0,1,1,0,0,39.99,118136
3.5,0,0,0,1,1,0,0,59.99,95024
2.5,0,0,0,1,1,0,0,39.99,50780
2.5,0,1,1,0,0,1,0,39.99,63555
4,0,0,0,1,1,0,0,59.99,105318
4,0,1,0,1,1,0,0,39.99,118770
3,0,1,0,1,1,0,0,39.99,95860
3.5,0,1,0,1,1,0,1,49.99,146886
4.5,0,0,1,0,1,1,0,39.99,79708
3.5,0,0,0,1,1,0,0,59.99,93915
4,1,0,0,0,1,0,0,49.99,101091
4.5,0,0,0,0,1,1,0,39.99,67039
4,1,0,1,0,0,0,0,49.99,87234
3,1,0,0,0,1,0,0,59.99,98983
3.5,0,0,0,0,1,1,0,39.99,55320
2.5,1,0,0,0,1,0,0,59.99,86630
3.5,0,1,0,1,0,0,0,59.99,116721
3,1,0,0,0,1,0,0,59.99,100250
2.5,0,0,0,0,0,1,0,59.99,47353
3.5,0,1,0,0,0,1,0,59.99,101517
2,1,0,0,0,0,0,0,39.99,36422
3.5,0,0,0,1,1,0,0,39.99,63344
4,0,0,0,1,1,0,1,59.99,116721
4,0,1,1,0,1,1,0,59.99,186564
4,1,1,0,0,0,0,0,59.99,148871
2,0,0,1,1,1,0,0,59.99,76494
3.5,1,0,0,0,1,0,1,49.99,100563
3.5,0,0,0,1,0,0,1,49.99,61895
2,0,1,0,0,0,1,1,39.99,50780
4.5,1,1,0,0,1,0,0,59.99,229800
4.5,0,0,0,0,1,1,0,59.99,99616
2,1,1,0,0,1,0,0,59.99,127649
2.5,0,0,0,1,1,0,0,59.99,75860
4.5,1,0,0,0,1,0,0,59.99,132875
4.5,1,1,1,0,1,0,1,49.99,251541
4,0,0,0,0,1,1,1,49.99,84067
4,0,1,0,0,1,1,1,59.99,169776
3.5,0,0,0,1,1,0,0,39.99,63872
4.5,1,0,0,0,1,0,1,59.99,147604
3,0,0,0,1,1,0,0,39.99,56481
5,0,0,0,0,1,1,0,39.99,73056
4,0,0,0,0,1,1,1,49.99,84463
2.5,0,0,0,1,1,0,0,39.99,50253
2.5,0,0,0,0,1,1,0,59.99,65883
4.5,1,0,0,0,1,0,0,39.99,88787
3.5,0,0,0,0,1,1,0,49.99,69286
4.5,0,0,0,0,1,1,0,49.99,83011
5,0,0,0,0,1,1,0,59.99,109752
2.5,0,1,0,1,1,0,0,49.99,104919
5,1,0,0,0,0,0,0,59.99,103893
3.5,0,1,0,0,1,1,0,39.99,95332
4,0,0,0,0,1,1,0,39.99,61549
3.5,1,0,0,0,1,0,0,39.99,73268
4.5,1,1,0,0,0,0,0,49.99,134481
4.5,1,0,0,0,1,0,0,59.99,133192
4,1,0,0,0,1,0,1,49.99,112573
4,1,0,0,0,1,0,0,59.99,122581
5,1,0,0,0,1,0,0,59.99,145228
3.5,0,1,0,1,1,0,0,59.99,162016
3.5,1,0,0,0,0,0,0,39.99,52364
4,1,0,0,0,1,0,1,59.99,135092
3,0,0,0,1,1,0,1,59.99,94232
3,0,1,0,1,1,0,1,59.99,160590
3.5,0,1,0,0,1,1,0,59.99,140635
4,0,0,1,0,1,1,0,59.99,110861
4,0,1,0,1,0,0,1,59.99,139210
4.5,1,0,0,0,1,0,0,59.99,135409
4,0,0,0,0,1,1,0,49.99,76940
5,0,0,0,1,1,0,0,59.99,123848
3.5,1,0,0,0,1,0,0,39.99,72845
3,0,1,1,1,1,0,0,49.99,142399
3,0,0,0,0,1,1,0,59.99,75385
4,1,0,1,0,1,0,0,59.99,145545
4,1,0,1,0,1,0,0,39.99,97022
4,0,0,0,1,1,0,0,59.99,104684
4.5,1,0,0,0,1,0,0,59.99,135092
2.5,1,0,0,0,1,0,1,59.99,97399
2,0,0,0,1,0,0,0,49.99,39328
3.5,0,0,1,0,0,1,1,59.99,78236
4,1,0,0,0,1,0,0,59.99,122897
2.5,0,0,0,1,1,0,1,59.99,81087
4.5,1,1,0,0,1,0,0,39.99,150653
3.5,1,0,1,0,0,0,1,59.99,104209
3,0,0,0,1,1,0,0,59.99,84729
3,1,1,0,0,1,0,1,59.99,187355
4,0,1,0,1,1,0,0,59.99,179437
4.5,1,0,0,0,1,0,0,59.99,134459
4,0,0,1,1,1,0,0,59.99,124481
4,0,0,0,1,1,0,1,59.99,115295
4.5,0,0,1,1,1,0,0,39.99,90898
4,0,0,1,1,1,0,0,49.99,106106
4,1,0,0,0,1,0,0,59.99,123848
3.5,0,0,0,1,1,0,0,59.99,94707
5,0,0,0,0,0,1,0,59.99,77286
4,0,0,0,1,1,0,0,59.99,105793
2,0,1,0,1,0,0,1,59.99,86313
4.5,0,1,0,1,1,0,0,59.99,196383
3.5,1,1,0,0,0,0,1,39.99,97972
3,1,0,0,0,1,0,1,49.99,89874
